Name,Accelerometer_Day,Accelerometer_Hour,Accelerometer_Mean,Accelerometer_Std,Accelerometer_Min,Accelerometer_Q1,Accelerometer_Q2,Accelerometer_Q3,Accelerometer_Max,Accelerometer_Skew,Accelerometer_Kurtosis,Accelerometer_Range
P_001_Day_2_Hour_09,2,9,9.832230462495119,0.4623434968033532,8.947115192906287,9.468533754205804,9.828386219680354,10.190330140014154,10.757227395990222,0.03721242490724676,-0.9241513217777793,1.8101122030839356
P_001_Day_2_Hour_16,2,16,9.763555956889995,0.05200241212022804,9.535395850916121,9.734095332640369,9.762142666246561,9.790506284389298,10.000749529963617,0.17289567934425143,2.91924610666121,0.4653536790474959
P_001_Day_2_Hour_18,2,18,9.835036494357134,0.812431946395095,8.263704511239029,9.250285173636488,9.785947467898119,10.418223915681118,11.544527287835248,0.1283563434396295,-0.7489553759293122,3.280822776596219
P_001_Day_3_Hour_09,3,9,9.74447770553145,0.1707132476116672,9.160720333427554,9.67829532250095,9.732610052841448,9.808734854784026,10.355362677861812,0.23046402853254913,3.068398086792934,1.1946423444342589
P_001_Day_3_Hour_16,3,16,9.784609674484736,0.23552762338531782,9.092240058504487,9.685176457182775,9.776954164816718,9.868883880529562,10.535766948722042,0.2567235163131145,1.6095649383932873,1.443526890217555
P_001_Day_3_Hour_17,3,17,9.800019545441655,0.1533864773603128,9.355266977719428,9.719142797905784,9.809652337790334,9.874105969389868,10.257401140449474,-0.009597613976633784,0.8036050369653425,0.9021341627300465
P_001_Day_3_Hour_19,3,19,9.756735767479332,0.15265588601893074,9.395125765494228,9.669141061737339,9.745306523168757,9.841221064588323,10.136713520396938,0.18249354336241502,-0.013741664197528092,0.7415877549027101
P_003_Day_2_Hour_19,2,19,9.935495051460702,1.0389063267595098,7.847134903563,9.279405331739508,9.791704339408792,10.596900154314362,12.34597515836514,0.29727651829079854,-0.44321118737456855,4.498840254802141
P_003_Day_2_Hour_20,2,20,9.684071205113964,0.18193053252095495,8.960077615665927,9.628767661938625,9.659849956977693,9.714505287962497,10.489303996700922,1.0092118292987737,6.594764716925992,1.529226381034995
P_003_Day_3_Hour_19,3,19,9.742582504515624,0.2184422938294955,8.758612593856643,9.707245063168422,9.74078540623152,9.776537271983226,10.79035813161901,0.07101691601490195,7.285991051421568,2.031745537762367
P_003_Day_4_Hour_19,4,19,9.786253164308125,0.3437713507961898,8.703583998526847,9.701885645310455,9.761314868225563,9.836528222641732,11.036752535821485,0.4888383721224778,2.9321933220295895,2.333168537294638
P_003_Day_5_Hour_19,5,19,9.802790195386304,0.3661952708632737,8.764186212169173,9.673808278994546,9.765629700458698,9.905203754655421,10.948626088210188,0.4183521563098019,1.536043002086374,2.184439876041015
P_003_Day_6_Hour_09,6,9,9.867397196208948,0.5894299498770743,8.307224811657354,9.65143742609825,9.831369836427102,10.026875488440641,11.640953626964121,0.35790608954582437,1.1926580797090622,3.333728815306767
P_003_Day_6_Hour_10,6,10,10.119246916872227,1.2591949663917785,7.678380701796157,9.26371191493287,9.98742139807127,10.909423828484133,13.08515231579672,0.3171252441232948,-0.4767328438507108,5.406771614000562
P_003_Day_6_Hour_12,6,12,9.761409189008315,0.24053240034069312,8.960125228348993,9.678297534138105,9.768810613417614,9.835252649134416,10.626666058320984,0.12712935059630248,2.7379120601679405,1.666540829971991
P_003_Day_6_Hour_13,6,13,9.833528487735707,0.22266182529865924,9.13450489022281,9.756571705103669,9.820382759488252,9.890907387024527,10.616513589214742,0.3831653092651944,2.2808769607783574,1.4820086989919314
P_004_Day_0_Hour_09,0,9,9.919344089125518,0.4235134083764245,8.870121335186235,9.755718204587012,9.895859861420812,10.05556185594132,11.076219833080547,0.305872967723616,0.7388173643123657,2.2060984978943114
P_004_Day_0_Hour_10,0,10,9.939422155225865,0.15880115593977567,9.407996033254255,9.86356963928195,9.949394682840527,10.021739410759285,10.518170265588354,0.09039110195161813,1.629778307458186,1.1101742323340993
P_004_Day_0_Hour_15,0,15,10.331019065101016,1.410982082275482,7.643506347730412,9.424294062991743,10.030190716799543,11.237751581495042,13.54418301230194,0.4215693123698165,-0.4882030513528508,5.900676664571527
P_004_Day_0_Hour_18,0,18,9.927071941679916,0.5828328418849329,8.406494483050983,9.732924883307811,9.883011063579819,10.038363027552435,11.698785675060723,0.47127914218779343,1.5930972751757535,3.29229119200974
P_004_Day_0_Hour_19,0,19,9.960148351005328,0.13389047946721264,9.377279956266484,9.875373635619361,9.971396885050922,10.028763895392242,10.58201409600166,0.3763485148802095,3.804894140077269,1.2047341397351765
P_004_Day_0_Hour_20,0,20,9.969585386718226,0.6492647125796069,8.437088845298224,9.695654990094212,9.875020700408554,10.182527995919179,11.776862573149598,0.5508462164902855,0.6509074459799664,3.339773727851375
P_004_Day_2_Hour_21,2,21,9.830005218074096,0.2725710347214988,9.175383405556726,9.724463782947328,9.814306100210302,9.933809922190324,10.550187310100918,0.1731376792045269,0.5254714619090799,1.3748039045441924
P_004_Day_4_Hour_07,4,7,9.938137498671379,0.40674877581515445,8.951963250599073,9.780707693732976,9.886722119793554,10.087251777273078,11.034355747724298,0.3737514431200577,0.5331223758899624,2.082392497125225
P_004_Day_4_Hour_17,4,17,9.972365567751318,0.3707561560617755,9.134276567276915,9.724762445478628,9.974170920461399,10.223391553242546,10.844850903041834,-0.0074169975299787205,-0.4420865939512493,1.7105743357649192
P_004_Day_5_Hour_18,5,18,9.90261148092017,0.1250052249604888,9.4514789018473,9.864280956559021,9.904142108223468,9.943999108088585,10.37899776174376,-0.026673024718808433,3.4837921220192234,0.927518859896459
P_004_Day_5_Hour_19,5,19,9.887667434863465,0.32158842586844694,9.102258675149567,9.741223036211444,9.886409404976746,10.017254559546913,10.72177506778,0.1129973300041249,0.4049617086433108,1.6195163926304321
P_004_Day_5_Hour_20,5,20,10.016689395704915,0.105092459897198,9.629487636396215,9.97026993930189,10.016457146137956,10.055464773449373,10.430889887313791,0.42888847901253624,3.085980769173675,0.801402250917576
P_004_Day_5_Hour_21,5,21,10.025520308104566,0.10906314274157418,9.62442949383022,9.982381526540482,10.021651355397953,10.061067374955758,10.452872848932678,0.47906420233330654,3.224170020544358,0.8284433551024577
P_004_Day_5_Hour_22,5,22,9.981942366297183,0.25132096828253103,9.086217147021436,9.930216136868117,9.966633221277734,10.006543623788847,10.966414331484005,0.554229812263237,4.798534039849876,1.8801971844625687
P_004_Day_6_Hour_08,6,8,9.913647562430546,0.4454769966446249,8.874014996133223,9.724737281186187,9.865213582056576,10.108536760003867,11.021745384890712,0.28797671746540654,0.15438451170214318,2.1477303887574895
P_005_Day_0_Hour_11,0,11,9.89816125457103,0.4077725104519422,9.020990294179366,9.684363540275022,9.863619940850933,10.110741699342645,10.835357213394321,0.22789492825379776,-0.20079760677981406,1.8143669192149545
P_005_Day_0_Hour_12,0,12,9.941377046415308,0.6451813839364341,8.67060462860283,9.532631343320341,9.844714543905184,10.336436239316914,11.398880819161105,0.3228470446452846,-0.46928182780521777,2.728276190558276
P_005_Day_0_Hour_19,0,19,9.950161779514499,0.5854190327287275,8.74705750005448,9.620899290929037,9.886979280952579,10.258452609762498,11.34358183533701,0.3177153437170462,-0.21031488044358193,2.596524335282531
P_005_Day_0_Hour_20,0,20,9.838731806552198,0.1949427271309773,9.311934090500634,9.750372491359254,9.829863615323294,9.906987535938423,10.400540631503668,0.29111150052915197,0.9793886363980868,1.0886065410030348
P_005_Day_2_Hour_19,2,19,9.940019893772494,0.633483347523914,8.599248296971668,9.669813880771127,9.759654736612065,10.293917254840323,11.513701518973948,0.4837437167691811,-0.0627741528838941,2.9144532220022796
P_005_Day_2_Hour_22,2,22,9.933737836288028,0.7510484130509902,8.321822246142082,9.575352470656286,9.78852385638368,10.276332247191116,11.873248212300538,0.5008088366542162,0.14119263537096494,3.5514259661584564
P_005_Day_3_Hour_06,3,6,9.720058444548046,0.021845397962039312,9.677295233894178,9.702912737005713,9.720334112609768,9.737521004020714,9.762355649202258,-0.025167523036627715,-0.9554794341946367,0.08506041530807984
P_005_Day_3_Hour_21,3,21,9.765405327026516,0.04797811146058048,9.553976445770829,9.738701049108293,9.7649554206299,9.79151075428439,9.980664604377209,0.11382849890202346,2.742997253433555,0.42668815860638
P_005_Day_5_Hour_20,5,20,9.857996988356964,0.2950351294714776,9.078083090451928,9.76868996203425,9.827447118630213,9.904078461886767,10.731334659941686,0.4720868347325033,1.4416084699136507,1.6532515694897576
P_005_Day_5_Hour_21,5,21,9.866744948619845,0.1200530699553216,9.42249021334494,9.827239565199605,9.866525878905604,9.90477950760722,10.327875521321054,0.17022382317707763,3.5184980219063595,0.9053853079761147
P_005_Day_6_Hour_10,6,10,9.9992868647664,0.8822125778390664,8.256865183473776,9.442284575702471,9.901612181082509,10.536420799138844,11.959791468527813,0.2748930991183274,-0.49466806036805044,3.702926285054037
P_005_Day_6_Hour_11,6,11,9.921512030032986,0.4200669639081775,8.765466499765841,9.82490697778792,9.872852822123273,9.934461244938321,11.26089419703303,0.6265263486833516,2.1253936145015198,2.495427697267189
P_005_Day_6_Hour_17,6,17,9.789840807406708,0.24553157501671566,9.261435175530009,9.649246814723028,9.782769067714499,9.94045208701482,10.337213390798079,0.059047247505409524,-0.3948324077432708,1.0757782152680697
P_005_Day_6_Hour_20,6,20,9.858373803108277,0.34636388487251724,9.140900399397788,9.63508746980333,9.843327894651729,10.071687339815695,10.634835304203014,0.13856289615963607,-0.44940781736550406,1.4939349048052257
P_006_Day_0_Hour_17,0,17,9.742141381271075,0.15250396965747698,9.234553292191995,9.688271291165965,9.737240294270203,9.786092688724475,10.282780466778744,0.3251533957122191,2.816287430004162,1.0482271745867493
P_006_Day_0_Hour_20,0,20,9.805987131074762,0.09905849651510862,9.377842967256601,9.76814639771032,9.807165147679044,9.844790324336808,10.249228037026313,0.06807398793219077,5.4603775138384645,0.8713850697697119
P_006_Day_1_Hour_19,1,19,9.73392438251246,0.1636767536495269,9.105185526065933,9.675465321848394,9.72977634947601,9.782781674067143,10.432027289757642,0.351848435695347,4.036981830813997,1.326841763691709
P_006_Day_1_Hour_20,1,20,9.73990424628646,0.1204193307301721,9.316142594927003,9.69579720917925,9.738451792264838,9.779348375702895,10.198769712693244,0.24219020995302662,3.0938906135909825,0.8826271177662406
P_006_Day_2_Hour_07,2,7,9.810354431390007,0.6463503656420886,8.51009113928041,9.36513051273358,9.775360113889814,10.237251784446563,11.239316852413255,0.1729542878306774,-0.5614670800798955,2.729225713132845
P_006_Day_2_Hour_20,2,20,9.666953474209073,0.20218682953628522,9.085315976490172,9.592087243423554,9.624799275224111,9.680605214779499,10.323525825748744,0.7766978780439084,1.9727211197497665,1.2382098492585722
P_006_Day_4_Hour_07,4,7,9.770138535760577,0.3103037228314475,9.025584304702896,9.631060158596764,9.756329572580384,9.893253429086805,10.56287543239503,0.17782881509466772,0.3058010256438166,1.537291127692134
P_006_Day_5_Hour_07,5,7,9.719861677041512,0.25138840196371354,9.123011550513086,9.600345108681969,9.69440448222657,9.849035990726097,10.320626189762915,0.1891417501368411,0.026213979525423703,1.1976146392498297
P_006_Day_5_Hour_19,5,19,9.759316119388377,0.26695149726533746,9.13729116637206,9.614349661457652,9.758786693139005,9.901446520174698,10.405597048494178,0.0518277130416517,-0.05823003788709036,1.2683058821221174
P_006_Day_5_Hour_20,5,20,9.778901836366666,0.5116392539665674,8.648201318474372,9.476348159060661,9.745603979499538,10.053021314705317,11.102954070737113,0.2743590874267407,-0.024348462878055255,2.45475275226274
P_006_Day_6_Hour_07,6,7,9.891075601385774,0.9568120553199414,8.00597911601567,9.267854776872978,9.792291902934661,10.450071178235943,12.188799802018309,0.336073412692602,-0.34043490941897137,4.182820686002639
P_007_Day_0_Hour_09,0,9,9.773950875561606,0.4042853111602741,8.733986289483,9.630951627019043,9.753684262305564,9.87802437232104,10.919493003248874,0.32092903710072973,0.9872113256119595,2.185506713765875
P_007_Day_0_Hour_13,0,13,9.826720073601177,0.5152272524378111,8.727793789960552,9.579661182666937,9.767081522956644,10.062448821526878,11.064391788448797,0.34186364881595616,-0.009141065224538725,2.3365979984882443
P_007_Day_0_Hour_14,0,14,9.765631739088446,0.22585396630073787,8.989323488682537,9.693173228391341,9.763769709897893,9.817189682599853,10.596471783160018,0.324907718066999,3.3121959398293077,1.607148294477481
P_007_Day_0_Hour_15,0,15,9.956641285007416,0.8104174273673367,8.331290722818373,9.466881105958398,9.817737428531679,10.43996816882917,11.850878115291989,0.369509978671005,-0.35349240003039073,3.519587392473616
P_007_Day_0_Hour_16,0,16,9.768263849185082,0.22912782893571884,8.987831883374344,9.682549358377695,9.764284679847368,9.829484036642196,10.60235998768655,0.4180861742045152,3.40216342689365,1.614528104312205
P_007_Day_0_Hour_17,0,17,9.747782197950249,0.3562333471253151,8.74285672149673,9.6295813610892,9.721463686409534,9.827928539692463,10.8519047810792,0.38491623559977933,1.5879315222012806,2.10904805958247
P_007_Day_0_Hour_18,0,18,9.794921090430488,0.469871881360317,8.696661423012502,9.61217787770368,9.759478720387566,9.959214321114619,10.995120503298391,0.2891771989018589,0.35975957286538707,2.2984590802858893
P_007_Day_0_Hour_22,0,22,9.75945138281144,0.15424194842661604,9.194347789008708,9.687914140065754,9.76556291084739,9.819852932581174,10.373410248769757,0.25758163392982614,3.424394117004571,1.1790624597610488
P_007_Day_1_Hour_09,1,9,9.826626326127151,0.4376153278469006,8.917723800501612,9.55023750956594,9.792079340045463,10.093386445487335,10.823118674180012,0.20605591164585285,-0.42763432253660527,1.9053948736784
P_007_Day_1_Hour_22,1,22,9.656874544673496,0.08176233578566289,9.355711564646644,9.614160086173747,9.640817230952186,9.674046881507405,9.97820576243841,1.046042433878093,2.721296623476116,0.6224941977917666
P_007_Day_2_Hour_09,2,9,9.812959378190287,0.4385460099933335,8.683558700251565,9.648952718442233,9.769970662431401,9.946345431427302,11.052581475288518,0.3684919854309673,0.8989757574555295,2.369022775036953
P_007_Day_2_Hour_19,2,19,9.773838064247316,0.3928432713839319,8.049564002996746,9.666842977330052,9.772980473437672,9.87053063432963,11.64126036589253,0.3594491211964643,7.2024469271117795,3.5916963628957834
P_007_Day_2_Hour_20,2,20,9.784070238391507,0.20154802427232565,9.160481582707375,9.698241871848866,9.783562309223928,9.852632125072702,10.453596618042335,0.21398495407261275,2.0703409726864486,1.29311503533496
P_007_Day_2_Hour_21,2,21,9.72480108958055,0.07755223668888923,9.414896462049528,9.686613246733565,9.71842239507158,9.755097350482444,10.056878795159019,0.6180070045963378,3.7505456784226556,0.6419823331094907
P_007_Day_3_Hour_19,3,19,9.814496830859843,0.41104380569813775,8.909055428730523,9.634357907847896,9.769607632658795,9.97878410767648,10.827968354030768,0.35847114383726963,0.1832195860101189,1.9189129253002442
P_007_Day_3_Hour_20,3,20,9.786293160143583,0.19946166193049333,9.222419794169591,9.68361067082342,9.791740464242402,9.860758962377448,10.388067347952259,0.14186124453601182,1.2019590849913389,1.1656475537826676
P_007_Day_3_Hour_21,3,21,9.758250720422335,0.10788118634187768,9.366860535471064,9.695096741816695,9.760040007623436,9.813902383494606,10.164716183322911,0.23057972184077372,2.169048014533135,0.797855647851847
P_007_Day_3_Hour_22,3,22,9.784424202351785,0.16496058222047028,9.024252639500505,9.735708926857692,9.783627146992512,9.827383945151208,10.599170210318304,0.3140625309756759,6.754481501708412,1.5749175708177994
P_007_Day_4_Hour_08,4,8,9.769025240766966,0.4039135936944608,8.83702133944706,9.526770137240572,9.753428058017814,10.004103607817843,10.78471964008899,0.1437371183854185,-0.10552153378204832,1.94769830064193
P_007_Day_4_Hour_09,4,9,9.791112197286552,0.4251821368202919,8.703938194911407,9.661891456458212,9.73217359768744,9.850798934141427,11.022520883964187,0.5869255117129165,1.2543019745905317,2.3185826890527803
P_007_Day_4_Hour_22,4,22,9.836770040214372,0.4957644447085608,8.817001800710418,9.611180074206311,9.73638496939773,10.064514529232119,10.997995409913534,0.47720038297136647,-0.09557639714811916,2.1809936092031155
P_007_Day_5_Hour_08,5,8,9.663088021317368,0.0611941414758567,9.377632953762065,9.637512480219186,9.661460891878747,9.686273576071113,9.964799268313264,0.474761233219057,6.721436344910597,0.5871663145511992
P_007_Day_5_Hour_09,5,9,9.914740521084699,0.019913847138134676,9.875748041306903,9.899017358646535,9.914737886426911,9.93069327469022,9.95306712413028,-0.015738838426899136,-0.9708668597417396,0.07731908282337763
P_007_Day_5_Hour_10,5,10,9.739803087906036,0.14169919201351366,9.237840210540448,9.67331964406797,9.737326337622992,9.794023390259127,10.265757484501556,0.28798618889064065,2.8085664670846535,1.0279172739611084
P_007_Day_5_Hour_20,5,20,9.682804408900335,0.0628583247995855,9.399940051871365,9.655163585760352,9.681541519962177,9.707654375973295,9.987428064158253,0.31364282807085214,6.014853281214361,0.5874880122868884
P_007_Day_5_Hour_21,5,21,9.757502302451078,0.19224893905469542,9.087159775759051,9.693886280461337,9.747216908242192,9.804981546933083,10.5267741362068,0.5816904047699003,3.999634693512429,1.4396143604477487
P_007_Day_5_Hour_22,5,22,9.84868026512233,0.03954983156265184,9.73746336284154,9.823116826217403,9.84992932008274,9.875424123552715,9.963135869696652,-0.13063037553802423,-0.044412230924805396,0.22567250685511198
P_007_Day_6_Hour_09,6,9,9.735321818256692,0.12652246581985224,9.273601103014178,9.68201537092553,9.726224062570086,9.779600305332767,10.222307176153404,0.44712221030494637,3.527671208701385,0.9487060731392258
P_007_Day_6_Hour_10,6,10,9.81130687783745,0.5179395590014755,8.7536616475278,9.568863937841103,9.738689553654163,10.082669725608373,11.009832807815489,0.32177198738318685,-0.1776347239799776,2.256171160287689
P_007_Day_6_Hour_11,6,11,9.837102500053417,0.5948875416167169,8.63594213723386,9.514766649246802,9.745108982457184,10.186183343388443,11.200316686870297,0.32469952003314845,-0.32315729535660687,2.5643745496364367
P_007_Day_6_Hour_13,6,13,9.780393815698064,0.382052307203763,8.435128147006548,9.65641485294708,9.75092163865859,9.864615707506879,11.348467339207032,0.6260149009302779,3.5713843366026623,2.9133391922004837
P_007_Day_6_Hour_15,6,15,9.759150275501081,0.17934804418007255,8.89921629523919,9.686554688841367,9.726651467468173,9.846658780364452,10.68908193074703,0.6312146027595091,7.732141942378714,1.789865635507839
P_007_Day_6_Hour_16,6,16,9.882229084222626,0.7429129018946583,8.359451867102049,9.45185964503585,9.735465366723943,10.357646258169273,11.604996506859266,0.33752774471919966,-0.3932526834713985,3.2455446397572167
P_007_Day_6_Hour_18,6,18,9.803108100057079,0.49561773743985765,8.56719395624824,9.568681185290213,9.767149188382817,10.003581383865164,11.143021959178268,0.3156822913156853,0.5176111610453229,2.575828002930029
P_007_Day_6_Hour_19,6,19,9.806011900811722,0.4716109197707671,8.87970158145294,9.494387871488456,9.776768881167957,10.10865330126698,10.817835864688801,0.17636069954597672,-0.5804554351978677,1.9381342832358612
P_007_Day_6_Hour_21,6,21,9.689461615816981,0.04339195714654459,9.56569546270849,9.662457448301984,9.68910352934842,9.715848146247613,9.816401366738347,0.09997888939528052,0.262106835490866,0.25070590402985715
P_007_Day_6_Hour_22,6,22,9.847221525695065,0.14223911555416222,9.256458896361643,9.80179997822681,9.857971821669604,9.899281421700579,10.467823486357814,0.013686703696644919,4.654008238730811,1.2113645899961707
P_008_Day_0_Hour_09,0,9,9.80741281618602,0.4447334326760214,8.847193678962528,9.5584630247252,9.768327047538671,10.05097219923857,10.84541176350446,0.18925534723907367,-0.2517115116784874,1.9982180845419322
P_008_Day_1_Hour_22,1,22,9.969774496156601,0.8376380901865326,8.329460218848775,9.424321851054614,9.898507253519735,10.498762487090207,11.781659947435802,0.2011700757501348,-0.5684570010548913,3.4521997285870274
P_008_Day_2_Hour_19,2,19,9.743421393443441,0.07337811756498112,9.54026465186636,9.702441106348163,9.74468812804262,9.783666673764863,9.95748053945297,0.022161967499627126,0.5280235028756284,0.4172158875866092
P_008_Day_2_Hour_21,2,21,9.77372488214257,0.17907290098664808,9.221366549897885,9.692507770576587,9.769858626297552,9.839142792358444,10.35033032792295,0.2061650651817092,1.7553225782872328,1.1289637780250654
P_008_Day_3_Hour_08,3,8,9.90606157784052,1.0358866648754117,7.816734338714142,9.293455114902448,9.774989868952787,10.516737806445441,12.24773750910654,0.29045408202067485,-0.39644075900235354,4.431003170392398
P_008_Day_3_Hour_20,3,20,9.862812609895617,0.7174902889386215,8.168631484366339,9.616669760618402,9.774679027920724,10.01877060215827,11.807949895770868,0.5072394678162718,0.7895788273952973,3.6393184114045294
P_008_Day_3_Hour_21,3,21,10.259934367304236,2.085049607391135,7.2666159432677295,8.067411910037661,10.248654833150718,12.333316805474075,13.51539291377807,0.02020242483188366,-1.5007800325923677,6.248776970510341
P_008_Day_3_Hour_22,3,22,9.80039569624926,0.1347322505534571,9.385608365143408,9.739980691176898,9.797091949973252,9.855037772374477,10.241810055095884,0.1747376695360841,1.590870692421027,0.856201689952476
P_008_Day_5_Hour_19,5,19,9.821576823452133,0.24120295225547725,8.970457102375459,9.756301764106198,9.811644721764875,9.86689866661391,10.737201066519757,0.34075917700705743,3.9959178661332597,1.7667439641442986
P_008_Day_5_Hour_20,5,20,9.733983950297937,0.11822760145758537,9.370455595025186,9.678611500898688,9.734173746824958,9.788299821227639,10.107053276815677,0.056265177131574334,1.406708765045071,0.7365976817904905
P_008_Day_5_Hour_21,5,21,9.808465248333096,0.19582035792359742,9.094573691582026,9.738881933157465,9.801289835078544,9.871882456331518,10.57109369071852,0.22450817002478685,3.8927007461238095,1.4765199991364941
P_008_Day_5_Hour_22,5,22,9.77339856166179,0.09567569251910958,9.458888161292284,9.725996912245526,9.775397130522116,9.819093638986544,10.101940498360037,0.027117545946792287,1.6304118150738516,0.6430523370677523
P_008_Day_6_Hour_08,6,8,9.787542951396606,0.6413446021868914,8.195695009087489,9.531964477349195,9.728302980810362,9.997439441923191,11.623880658491732,0.4047769867553077,0.9015107421861552,3.4281856494042433
P_008_Day_6_Hour_10,6,10,9.845225792492904,0.7224200468761812,8.403726287750333,9.338652919058935,9.783015069971231,10.32778753992796,11.456364906836333,0.22285589019417593,-0.5982460203580109,3.052638619086
P_008_Day_6_Hour_15,6,15,10.435899474762977,2.0172156936826062,7.543401351308987,8.265661404498559,10.453257802321378,12.460105368715057,13.473601394095681,-0.022895832513857017,-1.5446670138300438,5.930200042786694
P_008_Day_6_Hour_16,6,16,11.097376402463004,2.1595620518518954,8.049047655421788,8.814578239697758,11.12881935142903,13.287555148979859,14.369975462782845,0.006713538533459357,-1.5615044918189418,6.320927807361057
P_008_Day_6_Hour_17,6,17,10.060410385176905,1.541107887322798,7.585658184258065,8.797449061043174,9.876951596056712,11.32977703443155,12.969520247235092,0.19972393449630924,-1.0738446324672917,5.383862062977027
P_008_Day_6_Hour_18,6,18,9.818893548445889,0.34840881025155046,9.0134382145056,9.6455229848392,9.792618546608367,9.981853455685009,10.687371305810462,0.24790886801171258,0.1334532711208607,1.6739330913048622
P_008_Day_6_Hour_21,6,21,9.79264640732003,0.10419078210675708,9.471067248627794,9.744829474620845,9.798025562499634,9.84440673126599,10.12333223855999,-0.10799525685162656,1.0753535584904386,0.6522649899321973
P_008_Day_6_Hour_22,6,22,9.827527210742494,0.11880327544468672,9.413091397584044,9.769234738045018,9.824906354600552,9.88095384249256,10.26330168008266,0.22389726482827485,2.027838217527944,0.8502102824986171
P_009_Day_0_Hour_10,0,10,9.864434550706635,0.01591678627543607,9.834199126735275,9.851735181596583,9.864494226489033,9.87716695702603,9.89468961104777,-0.0005137962258386329,-0.9974393294454109,0.060490484312495596
P_009_Day_1_Hour_10,1,10,10.023068891488496,0.9805756673529717,8.155447739137859,9.318452556017144,9.935773264675529,10.709330432559753,12.144805488801499,0.2035510991056609,-0.722467854772864,3.9893577496636397
P_009_Day_1_Hour_19,1,19,10.04317745164843,0.5274753909888682,8.536040095835746,9.867166926993743,9.971538286846052,10.11892002251624,11.786428533101788,0.7498804853949769,2.1199231516742474,3.250388437266041
P_009_Day_2_Hour_09,2,9,9.860694307714606,0.0798625428573016,9.338215682068705,9.839848289046612,9.861827554836974,9.882928315008936,10.409575664947027,-0.03100477168799338,18.999860061736328,1.071359982878322
P_009_Day_3_Hour_10,3,10,9.823623977346925,0.015744509453093934,9.793556105351058,9.811055599705934,9.823802945711218,9.836229978618578,9.853461526018476,-0.019440763684075116,-0.9894388523902853,0.059905420667417886
P_009_Day_3_Hour_20,3,20,9.65754097018722,0.017117523548772502,9.625053016738878,9.643690524500196,9.657606828298894,9.671506669722106,9.689704315436739,-0.014896973519466944,-1.0127526697985594,0.06465129869786068
P_009_Day_4_Hour_10,4,10,9.96381341445204,0.7781730208531786,8.368406533761748,9.517854470283202,9.883704672614744,10.381159133385912,11.778398254764776,0.30409067741073326,-0.23803072740534814,3.4099917210030277
P_009_Day_5_Hour_19,5,19,9.822147502124816,0.015465065539902106,9.792439287570096,9.809909498364423,9.82231041163603,9.834390953346919,9.851679678727745,-0.013686923682082084,-0.9744474689586036,0.05924039115764934
P_009_Day_6_Hour_11,6,11,9.8219128003687,0.01645899583007698,9.790517319160921,9.808889948432267,9.821797626671351,9.835112597636163,9.853347236335452,0.021725824908480452,-0.9769520268707379,0.06282991717453079
P_009_Day_6_Hour_12,6,12,9.818886974790397,0.01533703491838423,9.78967977961862,9.806532784906434,9.818798963320257,9.831190359751666,9.84827180669203,0.025687566497629273,-0.9952425504002962,0.05859202707340927
P_009_Day_6_Hour_17,6,17,9.834689869164357,0.041479010161439726,9.5187808938394,9.811828003631621,9.833869752299961,9.855656213340296,10.18039818091762,0.9562872970773235,13.686340541702545,0.6616172870782204
P_009_Day_6_Hour_18,6,18,9.819640833165135,0.015188713203737193,9.790787553639444,9.807410566940428,9.819642675695043,9.831824506881418,9.848716831477041,0.01504906323068172,-1.0032228400449013,0.05792927783759794
P_009_Day_6_Hour_19,6,19,9.959585138611512,0.12676223676837794,9.580006189137803,9.826722344469635,10.03090467603647,10.071529955898455,10.338059927754855,-0.24053629902971072,-1.6630319492529508,0.7580537386170523
P_009_Day_6_Hour_20,6,20,10.066189066372857,0.01543723082698169,10.036792991524706,10.053718736940247,10.066150456248073,10.078655985696312,10.095629451956844,-0.004350943087947687,-1.011997751905039,0.05883646043213808
P_010_Day_0_Hour_09,0,9,9.793495170200503,0.3482299037886839,8.656147547276294,9.682769577608584,9.769977154198365,9.863592284116427,11.042332225108336,0.5229201044267796,3.1401252744927985,2.3861846778320412
P_010_Day_0_Hour_11,0,11,9.87773034509182,0.2727765179209203,9.18781867199108,9.783315745914702,9.845389621966099,9.903864406741778,10.73315559537158,0.869671104181678,1.8625141320620706,1.5453369233804999
P_010_Day_0_Hour_12,0,12,9.965093292951622,0.5991905895447047,8.716068893938829,9.659603735375466,9.865685058238999,10.219712459843198,11.435164965367502,0.5391420392720533,0.05878710747662241,2.719096071428673
P_010_Day_0_Hour_13,0,13,10.044089048540531,0.7950480071231171,8.516428122814926,9.547150566997786,9.920522354096601,10.555670846924745,11.80007295744446,0.3292083074501133,-0.5195665745393896,3.283644834629534
P_010_Day_0_Hour_16,0,16,9.864433211633338,0.5665149907063284,8.52689868883789,9.606882591449889,9.773821362666892,10.060671409577665,11.430195176936579,0.6071701761504428,0.7718300897576831,2.903296488098688
P_010_Day_0_Hour_17,0,17,9.934327143379392,0.2316997877129144,9.21389759164291,9.859960280098615,9.929188121284845,9.997792961287791,10.709784069118898,0.3085091599259774,2.3995498407719245,1.4958864774759881
P_010_Day_0_Hour_21,0,21,9.94533670431906,0.12941463717700513,9.514277186376699,9.884045424877389,9.928763621795067,10.010127407306308,10.410591777125196,0.36903744776726516,2.2809100781492786,0.8963145907484975
P_010_Day_1_Hour_08,1,8,9.928151472188802,0.1900469032398146,9.41164328148707,9.829951059231398,9.935091612023317,10.014052208792949,10.46911890575537,0.0819332326032478,0.7949535773033625,1.0574756242682994
P_010_Day_1_Hour_09,1,9,9.954648712173935,0.5909191380981728,8.6423256769243,9.675407625080833,9.886244900829691,10.179150415288133,11.453583789389427,0.4371133078044081,0.24871585506648008,2.8112581124651275
P_010_Day_1_Hour_18,1,18,9.947093095050795,0.1930746394686699,9.283710597462683,9.893107738177013,9.948788014965766,10.008811784185959,10.649045931168605,0.10424784315548821,3.00659133963026,1.3653353337059215
P_010_Day_1_Hour_20,1,20,9.933098601634503,0.20947237884611905,9.2802140961977,9.884179032806621,9.940583122657554,9.988476278947298,10.64540339712169,0.18954691946515512,2.5810526068994752,1.3651893009239906
P_010_Day_1_Hour_21,1,21,9.948798052489305,0.11419621096547432,9.536886141652051,9.892823687470287,9.953103195632089,10.001921035999521,10.399943299948701,0.20245830929267655,3.0423436890807425,0.86305715829665
P_010_Day_2_Hour_08,2,8,9.91912099676464,0.20616550463469865,9.294859591288233,9.80375478503187,9.948066636684471,10.021697066465162,10.571611161341142,-0.10538549719416883,1.0955611234458402,1.2767515700529088
P_010_Day_2_Hour_09,2,9,9.89975136617719,0.3410390317558351,9.000967003999998,9.755790646631533,9.86953074428311,10.00559373527632,10.875808097919581,0.39122191301299303,1.0486578775523032,1.8748410939195832
P_010_Day_2_Hour_18,2,18,9.904964175692157,0.2018451501614019,9.336149343816317,9.806166267478094,9.901765099716807,10.020322914366666,10.502500255185586,-0.05495532101518379,0.8708961380120499,1.1663509113692694
P_010_Day_2_Hour_19,2,19,9.892227717819921,0.15788389626804095,9.38510376849247,9.813751087092362,9.897309104263268,9.962435563941144,10.42094178831538,0.12169451220674113,1.5831446878035207,1.0358380198229096
P_010_Day_3_Hour_08,3,8,9.93309348631402,0.13681968534828612,9.526023133628575,9.820535156086589,9.978528173700614,10.016279027997179,10.365205066713939,-0.49283240212262436,0.013505504726296191,0.8391819330853636
P_010_Day_3_Hour_09,3,9,9.953955375303718,0.5145870601752481,8.940809113307472,9.7000239516392,9.857640691353954,10.181689341912588,11.186260562890373,0.5631155208762778,-0.07089465660388639,2.2454514495829017
P_010_Day_3_Hour_18,3,18,9.905271020312785,0.24145678596264125,9.193902177675092,9.804125217915665,9.896379660974201,9.992737511780607,10.666436178393097,0.24685015680138714,1.4588797853669906,1.4725340007180048
P_010_Day_4_Hour_18,4,18,9.926391464964892,0.10161021213781966,9.53933482224486,9.869441513780059,9.931422993752907,9.978633043130506,10.333507164057835,0.14964585748339995,2.6950856577053974,0.794172341812974
P_010_Day_6_Hour_18,6,18,9.91337996982981,0.24253009857215946,9.255480158344694,9.807911264342561,9.908226301640754,10.004989358503483,10.63828277958989,0.20651845444271877,1.133243275353558,1.3828026212451956
P_010_Day_6_Hour_20,6,20,9.947508398176598,0.2912179285098287,9.131383761143766,9.868185660567178,9.910798137651394,9.958897808756657,10.902470029607578,0.7810313486766927,2.4936848574506847,1.7710862684638116
P_010_Day_6_Hour_21,6,21,9.867978550531735,0.14859100145235732,9.32624996449081,9.784911647327993,9.83272700638885,9.98200293324989,10.459114687942964,0.3995564436851788,1.982424079345317,1.1328647234521547
P_011_Day_2_Hour_19,2,19,9.969342728778127,0.25682328194528153,9.37084846809625,9.815395989731757,9.975974480999652,10.095969751465326,10.617352317339796,0.13797341226526572,0.012192899172765337,1.2465038492435454
P_011_Day_2_Hour_20,2,20,9.945375674185819,0.16318515468739642,9.493112793350463,9.864244014810847,9.94259374405248,10.027144263836433,10.40995105334044,0.06174878678696988,0.6507597159086842,0.9168382599899765
P_011_Day_3_Hour_19,3,19,9.884159563304792,0.4733378761926683,8.89920101482936,9.608434741257998,9.866534863281952,10.149391340927293,10.980884340828258,0.15085902104432533,-0.3182311690683508,2.081683325998897
P_011_Day_4_Hour_08,4,8,10.071984518599086,0.8558497772558752,8.084979152175721,9.699918555162325,9.937289273566325,10.325389568205843,12.534310477790166,0.7080894091755724,0.7937702750726752,4.449331325614445
P_011_Day_4_Hour_09,4,9,9.970492332445483,0.20181946523132752,9.462452608949997,9.846138047257377,9.987176808222376,10.065372647871204,10.51015345846,0.07120719201281425,0.24119377438253853,1.0477008495100026
P_012_Day_1_Hour_08,1,8,9.792354362544023,0.32996045607996416,8.92602686185776,9.67393100293218,9.758750852723782,9.884033748137915,10.77519187193934,0.4260611023605312,1.2481983282284759,1.8491650100815793
P_012_Day_1_Hour_09,1,9,9.768114386363958,0.328350249466182,8.890535680981715,9.637012077903467,9.749862917206762,9.869050291636977,10.756433624636154,0.3499950518282657,1.2473563931503442,1.8658979436544385
P_012_Day_1_Hour_18,1,18,9.789850578357916,0.5383665106621995,8.639359119263144,9.504791944228426,9.725159491234065,10.077150939381928,11.065250949430382,0.2722451717478282,-0.13634551323264876,2.425891830167238
P_012_Day_1_Hour_19,1,19,9.79173891211846,0.22365482856567948,9.151178851159818,9.694883630901892,9.789463990332528,9.868296569968075,10.481561326403064,0.2853177553748409,1.4187485015950871,1.3303824752432458
P_012_Day_1_Hour_20,1,20,9.745573641511731,0.13765821476905252,9.313242299919839,9.666010200076672,9.737592206875329,9.821972530883963,10.201088311560792,0.24064574044169074,1.1471317425352128,0.8878460116409528
P_012_Day_2_Hour_08,2,8,9.837405301004958,0.6409160111159273,8.465404128841117,9.514936631854512,9.753366179349511,10.161168601468116,11.35107899264175,0.3004957978970838,-0.10629510580255408,2.8856748638006327
P_012_Day_2_Hour_09,2,9,9.725758381567262,0.3844358962864037,8.641389254016593,9.61555041872506,9.703543200479952,9.80544348602455,10.942557911531136,0.3816300457409014,1.9685145347416562,2.301168657514543
P_012_Day_2_Hour_10,2,10,9.886574523984923,0.6855658851306515,8.362619444094886,9.547465422889458,9.81367030735998,10.179394196940976,11.567799209450094,0.33378796031104635,0.060666579694204525,3.205179765355208
P_012_Day_2_Hour_18,2,18,9.77507205094482,0.5571305909987632,8.628827770120784,9.448810642092871,9.708017927437952,10.088587886823762,11.051829709205602,0.30536249272439114,-0.3136720299712965,2.423001939084818
P_012_Day_2_Hour_19,2,19,9.819426412816842,0.5701177050796645,8.605810152810632,9.522289283816384,9.764337527655321,10.111422994671686,11.194312900458266,0.2553405948329057,-0.10444502148485935,2.5885027476476345
P_012_Day_2_Hour_20,2,20,9.865531451672327,0.5799944291843548,8.52565346779682,9.650564161542238,9.803122666491245,9.98641544804713,11.533279856278071,0.6132791403646988,0.9461283910688825,3.007626388481251
P_012_Day_3_Hour_08,3,8,9.746168975737447,0.14144636301446745,9.3239755009726,9.687358564662446,9.74290639824808,9.798096782984885,10.192298147237231,0.2095866410495658,1.6213062289448814,0.8683226462646321
P_012_Day_3_Hour_18,3,18,9.922745661082606,0.9651215260719849,8.110640500573583,9.265438783455824,9.826524846120476,10.566426851575272,11.965554282636678,0.2053347239492468,-0.6798731823615269,3.854913782063095
P_012_Day_3_Hour_19,3,19,9.762170701811636,0.43437298666749286,8.75041063898896,9.551491829964466,9.726413670378651,9.958840061686946,10.877506266797978,0.2685889240743693,0.18554575944832852,2.127095627809018
P_012_Day_4_Hour_09,4,9,10.029325106694996,1.075207503694557,7.969955432817614,9.419475565440477,9.789834187644587,10.658567606486642,12.456968646511362,0.42477949634850126,-0.4011686381897257,4.487013213693747
P_012_Day_4_Hour_18,4,18,9.78996417745037,0.27331010543407525,9.152257942441192,9.649795738413186,9.764839101943563,9.924675582512027,10.47123913002555,0.23435588743542812,0.10607430518467931,1.3189811875843578
P_012_Day_4_Hour_20,4,20,9.75635882383228,0.2046150956733884,9.125989849185311,9.665618635834464,9.751772973335992,9.843464171642713,10.436484064047344,0.16076417327228654,1.862112213599576,1.3104942148620324
P_012_Day_5_Hour_08,5,8,9.794389540491851,0.2787581312572741,9.085913791235237,9.660668065190698,9.78208797803017,9.91030832224569,10.552731431106276,0.19141364946361542,0.496602038198771,1.4668176398710386
P_012_Day_5_Hour_10,5,10,9.872769718519528,0.7425842238358469,8.441980319729433,9.405269111118086,9.763387676255244,10.332984275489608,11.513636236790893,0.3331112488190979,-0.5161979174451337,3.0716559170614595
P_012_Day_5_Hour_18,5,18,9.768602907441338,0.3010742827477548,8.955207814632052,9.645699677692466,9.744258213922356,9.864439539373945,10.654237973523594,0.36949567306673564,1.1884091031563928,1.6990301588915422
P_012_Day_5_Hour_20,5,20,9.81225495013905,0.4746416027894375,8.683161861314266,9.641203920899414,9.757393484927844,9.954208245768212,11.06307943751621,0.3898119932338918,0.6648748017527293,2.3799175762019438
P_012_Day_6_Hour_15,6,15,10.448577090388586,1.4429148168046877,8.303758802567842,9.047901973699673,10.395853980722764,11.819232151253011,12.840891915380066,0.07583013803472644,-1.391595607013385,4.537133112812224
P_012_Day_6_Hour_18,6,18,9.801033369426827,0.35714161158965674,8.928619842965585,9.636265927617027,9.774213891623514,9.938474254742424,10.761010089504767,0.33138467906438807,0.5624801707056211,1.8323902465391821
P_012_Day_6_Hour_19,6,19,9.704509454358616,0.09491997063589636,9.283710734182762,9.656012220303985,9.693363293024042,9.74988803558273,10.139765594350164,0.16636733844137813,3.3973839368787324,0.8560548601674025
P_012_Day_6_Hour_20,6,20,9.850217898746921,0.6795754618670791,8.479735064227066,9.464466791134583,9.781715539542352,10.242934200236736,11.385945562028676,0.2488663430131962,-0.37972234966618057,2.9062104978016094
P_013_Day_0_Hour_18,0,18,9.842298070965942,0.3130750081162581,8.877097725313948,9.768932119177459,9.820975094099488,9.87303262445506,10.957122224775725,0.6115529234675136,3.3337415183765637,2.0800244994617767
P_013_Day_0_Hour_20,0,20,9.788510641591806,0.3507315513848607,8.924343103094717,9.663087080292994,9.76273950219572,9.8880765169247,10.751423307402675,0.34543480814848515,0.7741310207634862,1.8270802043079577
P_013_Day_2_Hour_21,2,21,9.858421667120934,0.7405101263412196,8.236224971553655,9.492752272992217,9.756666116108418,10.186329257987923,11.733128531975781,0.41971106277369064,0.16972504138680655,3.496903560422126
Z_001_Day_2_Hour_09,2,9,9.89982156834295,0.4785847638122271,8.959464578399185,9.523879379848012,9.896589729302097,10.26097829424631,10.893975902326284,0.061331270005691225,-0.8788043492609785,1.934511323927099
Z_003_Day_2_Hour_19,2,19,9.869727967441444,0.4047102509931092,9.027365244729378,9.605988916074512,9.842134918732912,10.128613512793915,10.785720515388839,0.16724695043650223,-0.47034218978384823,1.758355270659461
Z_003_Day_2_Hour_20,2,20,9.824105847358824,0.32195289422618334,8.983009632190424,9.691996682681072,9.810600702944773,9.969517438157915,10.71130358876783,0.06845831545989028,0.5519798633594095,1.7282939565774065
Z_003_Day_3_Hour_19,3,19,9.84915633111747,0.17920907577906423,8.742553208926758,9.797489690979365,9.841929599282675,9.88782910751419,11.059750024210027,0.8885936777461912,14.40343697642184,2.3171968152832694
Z_003_Day_4_Hour_19,4,19,9.7977887434482,0.08817556052416567,9.461233689228482,9.759619692969057,9.792543390784955,9.828883130504503,10.152005404099972,0.4089978222009796,3.3930568012716638,0.6907717148714898
Z_003_Day_5_Hour_19,5,19,9.77941764616706,0.9906674693579017,8.186622087522878,8.952712231446029,9.768351519633818,10.485810151208723,11.751456804077268,0.24623724214686513,-0.9202551633844407,3.5648347165543903
Z_003_Day_6_Hour_09,6,9,9.83469577861586,0.16670077170019915,9.2636279485101,9.766821725497707,9.830727318071855,9.902221064803287,10.441780472278047,0.11631768683857156,2.4046205057367906,1.178152523767947
Z_003_Day_6_Hour_10,6,10,9.898573071165467,0.6592361483290068,8.378577114721343,9.559456726866376,9.830351023388127,10.212822818431146,11.617570730497677,0.3383229356243715,0.19121757567170006,3.2389936157763337
Z_003_Day_6_Hour_11,6,11,9.779213889126707,0.4739247677242113,8.808006155526478,9.566314605400239,9.786642623171518,9.911754641611058,10.936588076837578,0.18848600937164117,0.012810066334154602,2.128581921311101
Z_003_Day_6_Hour_12,6,12,9.806086609946446,0.06625524067215458,9.546567335198757,9.773095572915802,9.801089773035736,9.83207965556765,10.076116591749956,0.4377274677473816,3.098082899850316,0.5295492565511992
Z_003_Day_6_Hour_13,6,13,9.79336799023994,0.049564999904177634,9.582018100135851,9.763237011733427,9.79020429350673,9.81897048820416,10.010799401230216,0.46165677015807954,2.1399852073257177,0.4287813010943644
Z_003_Day_6_Hour_14,6,14,9.835444011542902,0.7091887232268199,8.564414069735594,9.368659023584234,9.802863377069821,10.227978235426761,11.326867816841698,0.21196537425475875,-0.5926552202341862,2.762453747106104
Z_004_Day_0_Hour_09,0,9,9.887363712385993,0.278592700739706,9.242608044061214,9.732842884893026,9.882190884968356,10.032654596262951,10.564473695625592,0.08689594375703764,-0.07000132249749624,1.3218656515643783
Z_004_Day_0_Hour_10,0,10,9.958906233193387,0.08161337408785208,9.590556375633774,9.921439794221945,9.956514208572777,9.992168059499518,10.351228458027945,0.44210683368050135,5.49933605989002,0.7606720823941711
Z_004_Day_0_Hour_12,0,12,9.896149562930322,0.7325538933027804,8.498774528867244,9.401756617678203,9.850110057018965,10.375294042243517,11.49427868341979,0.19632580120128282,-0.63017583154156,2.9955041545525454
Z_004_Day_0_Hour_15,0,15,9.807126418479784,0.013809031443461238,9.78099799036497,9.795985792421718,9.807167355997574,9.818265963538245,9.833163656364139,-0.00674447288587825,-1.0178426312405369,0.052165665999169164
Z_004_Day_0_Hour_18,0,18,9.884980934733392,0.28663220097495684,9.196029212906252,9.74156624536295,9.878398459552585,10.01689886282811,10.625979351374347,0.14257610918391828,0.23440337871271133,1.4299501384680955
Z_004_Day_0_Hour_19,0,19,9.99470605173586,0.04923629104341833,9.838468584624248,9.968942694553187,9.997158848087622,10.02363389721601,10.147135313189807,-0.31639130414864325,0.9488015187038705,0.30866672856555866
Z_004_Day_0_Hour_20,0,20,9.926619740860291,0.18809595799276108,9.144613901520952,9.865093392766802,9.925440587730094,9.986920665053763,10.746946925507844,0.07619585927101273,4.36687525145784,1.6023330239868923
Z_004_Day_2_Hour_21,2,21,9.91734951450204,0.0970004821674941,9.483485993291385,9.867468432208426,9.929895241107017,9.969114516734873,10.367388944725777,-0.09948914113824929,3.4952502048774434,0.8839029514343917
Z_004_Day_2_Hour_22,2,22,9.865257871091993,0.20228469964506324,9.279849569579051,9.750314645547135,9.896707522178524,9.950100945129606,10.514820003982862,0.10160091902253443,1.4405479910777732,1.2349704344038113
Z_004_Day_3_Hour_20,3,20,9.784806448325272,0.026111764110087473,9.729984213685615,9.76545828795708,9.784504536081746,9.804646824761793,9.839487656624284,0.00879537219360469,-0.8012108151619355,0.10950344293866898
Z_004_Day_4_Hour_07,4,7,9.880266281796715,0.20982372411166197,9.393075624836065,9.753194216710448,9.877926183750498,10.00056708029068,10.376653328507597,0.05856012654776232,-0.26995303564562345,0.9835777036715321
Z_004_Day_4_Hour_16,4,16,9.87106712920842,0.3233453190822912,9.221888761311678,9.6175604508031,9.874241602331194,10.124300873880259,10.502868373477314,-0.027552203849930772,-0.9237295623411921,1.2809796121656358
Z_004_Day_4_Hour_17,4,17,9.810044630382091,0.2938898004779439,9.245377679896245,9.579327202251362,9.809860905936517,10.041996814347542,10.384799234279473,0.020016118925168462,-0.9529936997044306,1.1394215543832278
Z_004_Day_4_Hour_18,4,18,9.937363960976914,0.37980816354607166,8.946546021551917,9.774775115234085,9.92105792942038,10.05836686291735,11.010693586511128,0.2786328510932927,0.7982691659464578,2.0641475649592103
Z_004_Day_4_Hour_19,4,19,9.928525658783776,0.19731772957962754,9.217917030717908,9.865019180163678,9.92262410200072,9.981036684917232,10.676143585738556,0.38741406629349523,3.2959622570631737,1.458226555020648
Z_004_Day_4_Hour_21,4,21,9.895731805241502,0.307546041145082,8.87376664290537,9.79250425804139,9.903863914570262,9.969795854454949,10.96398608436211,0.18687093204563693,2.8311595444501716,2.0902194414567408
Z_004_Day_4_Hour_22,4,22,9.88008020289218,0.31733254005498296,8.83829797355981,9.764061649454462,9.833465682135282,9.948695417022773,11.06532151082722,0.8289707835265581,3.5731499983452117,2.22702353726741
Z_004_Day_5_Hour_18,5,18,9.933768618819009,0.0979730961667146,9.570764454168721,9.903028558766504,9.940839201968245,9.972338953853951,10.30748931395112,-0.2872436505144594,3.3521415292935686,0.7367248597823988
Z_004_Day_5_Hour_19,5,19,9.85519068696515,0.19636224309625416,9.353454528432826,9.763566141996098,9.851878296929982,9.944046632852466,10.373093028348114,0.07445166058122386,0.46743256202642636,1.0196384999152883
Z_004_Day_5_Hour_21,5,21,9.986181833923718,0.02280730228863365,9.941557544629383,9.968164516589109,9.986188062377177,10.003815699260972,10.031730119861736,0.019880611399696158,-0.9236040327402657,0.09017257523235322
Z_004_Day_5_Hour_22,5,22,9.777667003051256,0.06038911371078719,9.455842060704494,9.74884194765358,9.774779322262884,9.803994744936196,10.118095782819552,0.34064341696144085,7.479385991935306,0.6622537221150573
Z_004_Day_6_Hour_08,6,8,9.872580820553027,0.3550557517618552,8.976633544664152,9.697317415564989,9.872525753559387,10.02389703372565,10.84493443946567,0.13109359144667218,0.480480027162705,1.8683008948015178
Z_004_Day_6_Hour_16,6,16,9.89001316983729,0.6406037258369535,8.52699013623487,9.531057605517855,9.818318613872101,10.245689536269248,11.42034955024863,0.2728260149099726,-0.1890875150726803,2.8933594140137604
Z_004_Day_6_Hour_17,6,17,9.832790179995582,0.3808019756608754,8.820944410281687,9.686269857214478,9.756919974628262,9.993154074668693,10.934989420413352,0.43487142758364056,0.8244795301754198,2.1140450101316652
Z_004_Day_6_Hour_18,6,18,9.915793361594776,0.12802236829291505,9.516041510931942,9.826123777054153,9.926136620695239,9.997368374578233,10.332207895607697,0.020542604212255525,0.7334619677578167,0.8161663846757552
Z_004_Day_6_Hour_21,6,21,9.880210609554247,0.40108965179908773,8.733143482733071,9.719612379791965,9.851211506061485,9.988482192052668,11.1689212759757,0.46662649881256574,1.842302962927187,2.4357777932426288
Z_005_Day_0_Hour_10,0,10,9.77836426411463,0.05663740507943544,9.595712823676248,9.747697217730522,9.777679402827452,9.808861192049426,9.967387028683142,0.0676122856052765,1.158736939877178,0.37167420500689374
Z_005_Day_0_Hour_11,0,11,9.837121247276823,0.29578617927717954,9.10090638012124,9.700796873817751,9.822250723339845,9.961789308967074,10.622747369562298,0.1962669717512593,0.5417184994995292,1.521840989441058
Z_005_Day_0_Hour_12,0,12,9.916003403778978,0.5598505970482995,8.650719850909391,9.595375016359657,9.865557767950335,10.211665052630734,11.345282569943924,0.3099479586596665,0.007799891872432241,2.6945627190345327
Z_005_Day_0_Hour_19,0,19,9.86427687073226,0.4887715542712491,8.652987961550593,9.599740151108257,9.84366647593077,10.100241299586392,11.180597584278582,0.21863602409224106,0.3535233563142999,2.5276096227279883
Z_005_Day_2_Hour_19,2,19,9.819179327312048,0.31750875547168883,8.984922476397072,9.668106075196166,9.805485058822498,9.953251129654266,10.767374292069075,0.2974466190327622,0.8641656713599217,1.7824518156720028
Z_005_Day_2_Hour_22,2,22,9.721953228536288,0.08671770016045487,9.325897601276925,9.657967478983903,9.693092178286989,9.79920483048891,10.145600273231878,0.43379091252468543,0.7399407821412223,0.8197026719549534
Z_005_Day_3_Hour_06,3,6,9.989874387346113,0.03060606619526531,9.923441638483743,9.967365585211281,9.990372989390211,10.012004482305969,10.055999521080553,-0.00850573993083493,-0.7151414648427656,0.13255788259681012
Z_005_Day_3_Hour_21,3,21,9.922525738699203,0.43767994042877506,8.792266012731561,9.827892385594637,9.90221053560101,9.964486372089482,11.20547730223262,0.35813737059161405,1.4913019399332343,2.4132112895010582
Z_005_Day_3_Hour_22,3,22,9.950590574065494,0.062428954115814596,9.591444978166368,9.921025324865484,9.948447239057176,9.9789776163377,10.31805119691146,0.27606275683274284,8.99587845588988,0.7266062187450917
Z_005_Day_5_Hour_20,5,20,9.867886933770347,0.6828578630460478,8.403104839212745,9.51933502714197,9.833370197354691,10.186240515250217,11.538224631752296,0.24933897019792922,-0.04332574507943532,3.1351197925395518
Z_005_Day_5_Hour_21,5,21,9.868908013229824,0.08440018010384732,9.72623564984718,9.783805527823134,9.899788423712824,9.94465351317761,10.012244408798457,-0.13677671608144465,-1.582093827195815,0.28600875895127764
Z_005_Day_6_Hour_13,6,13,9.832139104578717,0.6366371422620967,8.62059776996744,9.445915274693867,9.793800697347802,10.186946689262925,11.2156607229253,0.20932007133059807,-0.4867679249153176,2.5950629529578606
Z_006_Day_0_Hour_17,0,17,9.8978233101544,0.5448958704163777,8.625442002320915,9.718365874567827,9.86558462129369,10.045613411972093,11.360870463666288,0.27896709479979065,0.6401324132266644,2.735428461345373
Z_006_Day_0_Hour_19,0,19,9.82922749720842,0.0639459217039897,9.634597958898746,9.79161106660278,9.828905683305507,9.865976292545277,10.03067979116845,0.06149021860705571,0.6300359465374559,0.3960818322697044
Z_006_Day_0_Hour_20,0,20,9.84478633523051,0.17800390239341946,9.074438500595345,9.806433841276995,9.83715804516028,9.866725009532454,10.700591951437415,0.7701350105210042,8.421885085893654,1.6261534508420699
Z_006_Day_1_Hour_19,1,19,9.889948669789533,0.47080678485588595,8.196393194559132,9.818016696943161,9.890843215046457,9.956109819562577,11.717447240442416,0.22216113653221323,4.799818594349367,3.521054045883284
Z_006_Day_1_Hour_20,1,20,9.868380778992023,0.18937591545670865,9.310556632059718,9.793752178777778,9.85764710881659,9.934083368404426,10.461511324618591,0.2639980317856507,1.5547490367237886,1.150954692558873
Z_006_Day_2_Hour_07,2,7,9.848869102922153,0.38962394910536563,8.813066135861666,9.770307090119243,9.811421837700063,9.874709033011118,11.028403817797237,0.40481974614758565,1.6004091059292378,2.215337681935571
Z_006_Day_2_Hour_20,2,20,9.9207774870067,0.6222415631582024,8.575884390681775,9.59890342447993,9.875156438217823,10.229547521274302,11.409392545883616,0.22903282908734202,-0.10769237255002029,2.833508155201841
Z_006_Day_4_Hour_19,4,19,9.828518591976989,0.16532513579208802,9.263427043346512,9.769511887142055,9.812720085265575,9.857696764781915,10.456842248750295,0.7397448660202266,3.946998194008729,1.1934152054037828
Z_006_Day_5_Hour_07,5,7,9.832834293322088,0.11776759469491246,9.547560751974817,9.755572266031969,9.829283497148026,9.908409651058228,10.132097509185307,0.09088966790493754,-0.2280656531992058,0.5845367572104898
Z_006_Day_5_Hour_19,5,19,9.83943562399049,0.12490677593771507,9.194835674168443,9.806729862120037,9.838772681515925,9.873155707610271,10.518083221678749,-0.0894990824411903,10.202145132458883,1.3232475475103058
Z_006_Day_5_Hour_20,5,20,9.826184645029246,0.11007698252107453,9.417884093655731,9.781623597019408,9.81996513787663,9.862321734677218,10.249753733987589,0.3591542663816653,3.283095127606157,0.831869640331858
Z_006_Day_6_Hour_07,6,7,9.86504787061066,0.5649909512700695,8.581542001147628,9.669690530733785,9.77972415864139,10.069357288085214,11.279109347561361,0.38211232526567296,0.27535316665631626,2.6975673464137326
Z_006_Day_6_Hour_08,6,8,9.986828873226786,0.9700857438931473,8.17176716918882,9.362148728691405,9.882358561572516,10.575973853066692,12.151172974369347,0.2966181365248757,-0.5144036579757434,3.9794058051805266
Z_006_Day_6_Hour_11,6,11,9.920249205996129,0.7110264789064564,8.429162072687886,9.577778270578815,9.849116665097865,10.254556065337542,11.589765886909898,0.24510136653846498,-0.10377873487417544,3.1606038142220125
Z_006_Day_6_Hour_16,6,16,9.92195884693547,0.8198000352646244,8.292271842409534,9.464171061999988,9.832364660306347,10.388994300453483,11.77855324905662,0.2447789556766812,-0.3404718694313318,3.4862814066470857
Z_006_Day_6_Hour_18,6,18,9.887258220200904,0.7271237236459331,8.371595399687163,9.607797445417926,9.811820288395536,10.169591392019102,11.652668875702487,0.3148085484072133,0.07786168657611325,3.281073476015324
Z_006_Day_6_Hour_20,6,20,9.831969009957067,0.053788352285223856,9.622583663121992,9.803309709411208,9.832213741596119,9.860472845701722,10.046511448476844,0.07998095812568339,2.4649502139268096,0.4239277853548522
Z_007_Day_0_Hour_13,0,13,9.849668546148356,0.25707027572585445,8.76890075894231,9.807715537044036,9.849178251183817,9.890709155366407,10.99036164733108,0.08429075560650855,6.952287668484804,2.221460888388769
Z_007_Day_1_Hour_09,1,9,9.892065733000047,0.5561766412104701,8.793553381732018,9.529434078885512,9.850655043939144,10.263019134563542,11.076300722231585,0.15142089682040116,-0.6106594080082455,2.282747340499567
Z_007_Day_1_Hour_22,1,22,9.891734794837124,0.44233819681012654,8.675276721476427,9.754250779482941,9.87562963837265,10.002839231489737,11.209405217501283,0.2416087279369162,1.495122866911716,2.534128496024856
Z_007_Day_2_Hour_08,2,8,9.816463280911757,0.26203533132972634,9.054428556556502,9.729542593720016,9.773070026278862,9.889610920799452,10.646248847838049,0.48979963964336026,1.8057534938710464,1.5918202912815467
Z_007_Day_2_Hour_09,2,9,9.866536172226912,0.29461914271664563,9.066916547104164,9.755418418622318,9.839892649734054,9.969734222451986,10.726283521923579,0.29949672665808497,1.0354355544931027,1.6593669748194149
Z_007_Day_2_Hour_19,2,19,9.852263976171734,0.197334153075238,9.284427014914707,9.768719340650424,9.852680094826301,9.926767093608639,10.431982598102893,0.06820234713367777,1.076487566136863,1.1475555831881863
Z_007_Day_2_Hour_20,2,20,9.849554385308043,0.24956845239969275,9.212580515408561,9.752369590890327,9.850129165749093,9.940117219529698,10.52032281159725,0.06602515378576526,0.6832141940012106,1.3077422961886889
Z_007_Day_2_Hour_21,2,21,9.863308070613417,0.1460898097367191,9.259995900269963,9.809946183116661,9.8693008548345,9.916621503107516,10.492697799199012,0.09778134555430128,4.981602058682093,1.232701898929049
Z_007_Day_2_Hour_22,2,22,9.835919906567952,0.06465806473063129,9.62474360709168,9.799802072280654,9.833967250902342,9.8712645585934,10.057565498290638,0.08185510142995678,1.194643201577449,0.432821891198957
Z_007_Day_3_Hour_08,3,8,9.837070027276843,0.28007037513489613,9.08359393496148,9.725880584299409,9.823067215795254,9.917710863554248,10.648437312519153,0.2973612632830312,1.2240355072474047,1.5648433775576738
Z_007_Day_3_Hour_19,3,19,9.858552227594577,0.20110759462830696,9.303097874213226,9.765550261349027,9.849136451140629,9.937886958887944,10.43649681105056,0.2175601768902149,0.9638927794372125,1.1333989368373345
Z_007_Day_3_Hour_20,3,20,9.829654608061135,0.2267169627176723,9.200683061562659,9.743107597427315,9.824903311498149,9.905700655953368,10.50273112981908,0.16724778738089388,1.2326096150367825,1.302048068256422
Z_007_Day_3_Hour_21,3,21,9.849841844129909,0.3617648850801057,8.87750121756946,9.696446243636965,9.850088480503398,9.974210217640024,10.89030896479547,0.14731601439632244,0.8489925625801797,2.0128077472260095
Z_007_Day_3_Hour_22,3,22,9.852127804250326,0.2642157806205343,9.09680900321294,9.753922124544781,9.839837938692765,9.934285290648836,10.652929564750227,0.2470964702247611,1.390503019607574,1.5561205615372877
Z_007_Day_4_Hour_08,4,8,9.877530429527631,0.27550079347164086,9.248524421745163,9.735328482841647,9.857431849640196,10.01134960700427,10.56167859267632,0.23912646537452373,0.044728446994851456,1.3131541709311563
Z_007_Day_4_Hour_09,4,9,10.027047155139872,0.9253504160329493,8.226011497800782,9.39227346180371,9.903694215302934,10.668472107014347,12.002883135283144,0.24683758707135522,-0.6938476151715425,3.776871637482362
Z_007_Day_4_Hour_10,4,10,9.828963123874795,0.26830844792461034,9.127960067684674,9.726110032288027,9.805707463707632,9.897685066424657,10.635684446868204,0.4557588909126757,1.2901747608586245,1.5077243791835304
Z_007_Day_4_Hour_19,4,19,9.859036462647198,0.2324739691871815,9.103565482306447,9.78869953919678,9.851741583530574,9.918215885145345,10.64023133819253,0.26512430881640875,2.9003573055840555,1.536665855886083
Z_007_Day_4_Hour_22,4,22,9.8567666228778,0.0809570187325857,9.624505270657234,9.80790754611406,9.855107869531547,9.90297355152527,10.09835506065346,0.11695946869567045,0.4328474195533505,0.4738497899962262
Z_007_Day_5_Hour_08,5,8,9.762307939523808,0.07766724964294776,9.426478602738014,9.735477697413847,9.760192418920898,9.784410699001128,10.106741167030174,0.5264961419106395,6.3962423817479515,0.6802625642921605
Z_007_Day_5_Hour_10,5,10,9.876070514512207,0.15197407009710312,9.371115101300665,9.805855905354694,9.877670785839038,9.942298745824303,10.401550621929562,0.17328414335630854,2.0578189857940723,1.030435520628897
Z_007_Day_5_Hour_20,5,20,9.869596855009837,0.22583819206858655,9.076789751101638,9.815706302120857,9.861302185299644,9.909388943925444,10.715166733222533,0.35707430307707244,3.988991444171461,1.6383769821208958
Z_007_Day_5_Hour_21,5,21,9.825013360479298,0.18070791541625955,9.25014780490507,9.763121235123744,9.821578016689298,9.883049724777905,10.425065686060552,0.07462678013230725,2.2977326889936247,1.1749178811554817
Z_007_Day_5_Hour_22,5,22,9.783730331896509,0.15788760803852397,9.291533931046574,9.72488054293246,9.781131159494835,9.840637245383263,10.308778142905552,0.13003122426477218,1.9091076884522193,1.0172442118589782
Z_007_Day_6_Hour_09,6,9,9.840768022646824,0.10131542196263334,9.429015778186589,9.795230902900249,9.83770787973262,9.884647916656204,10.265434670026192,0.0974904622669122,3.8271187878651265,0.8364188918396032
Z_007_Day_6_Hour_10,6,10,9.778507150720845,0.2011348532102373,8.981759443159161,9.745386648323112,9.769890308974055,9.793914696546084,10.658425418826406,0.5696807956770152,7.150600112149576,1.6766659756672446
Z_007_Day_6_Hour_12,6,12,9.871578588572296,0.0986059769206607,9.540501943230451,9.824264809349046,9.866872498397973,9.912893339710124,10.2158569165844,0.280734453234889,1.954908368371341,0.675354973353949
Z_007_Day_6_Hour_13,6,13,9.876728661628652,0.16958610132426868,9.337407574616865,9.816923390000516,9.87292102910743,9.931664400679761,10.454917024056702,0.133341698453839,2.144806471823972,1.1175094494398365
Z_007_Day_6_Hour_14,6,14,9.82596108665671,0.16402376596409457,9.381831626110747,9.752215766610913,9.815547499028034,9.891627812074201,10.28552150724851,0.21176659528557565,0.7957357433195624,0.9036898811377636
Z_007_Day_6_Hour_15,6,15,9.802651539109059,0.08341301045442231,9.499744141117148,9.762748989290621,9.804939685769277,9.841682359961736,10.117489084351798,0.07677901678091276,2.2992000293593966,0.6177449432346496
Z_007_Day_6_Hour_16,6,16,9.864344333875046,0.05541237354258037,9.712425907266322,9.829061625941886,9.863865026213016,9.898430281654974,10.0208765386235,0.047984443059043466,0.11048200619673043,0.30845063135717865
Z_007_Day_6_Hour_17,6,17,9.870787344092884,0.04661930346224002,9.734258298461196,9.84143316317368,9.870766851741763,9.900232976291317,10.009672317855141,0.012728230418012004,0.1858182543151261,0.2754140193939456
Z_007_Day_6_Hour_18,6,18,9.86597487394849,0.03380344457738586,9.797446248804222,9.840501552081465,9.865443661016233,9.891011172481036,9.93790980265235,0.054964208933701464,-0.7911259283316112,0.14046355384812692
Z_007_Day_6_Hour_19,6,19,9.847520379911954,0.1727077012785701,9.227112654221992,9.794617226462211,9.849251349678482,9.901037591086808,10.506086725711544,0.10235210680857684,3.5078217866565833,1.278974071489552
Z_007_Day_6_Hour_21,6,21,9.836977511961415,0.18185777417087634,9.263651544950244,9.766836134805214,9.836773598972233,9.906205913616358,10.453722660335037,0.07242537202741373,2.020151367050498,1.190071115384793
Z_007_Day_6_Hour_22,6,22,9.819549226062458,0.1940166755446303,9.184470449296343,9.755191600521044,9.808968743998475,9.866281802520765,10.488887994721644,0.37639858319877634,2.5375536529934557,1.3044175454253004
Z_008_Day_0_Hour_09,0,9,9.799602704480726,0.17086597115900712,9.215921580638378,9.738333920737945,9.795734086042714,9.848358121913737,10.424604439695456,0.3285280058114432,3.1776535320393657,1.2086828590570775
Z_008_Day_0_Hour_11,0,11,9.80609551302706,0.09774787558371421,9.486098289044937,9.758694951423172,9.802035851832624,9.846909041189017,10.145016154763534,0.316383151011222,1.9737920543178022,0.6589178657185961
Z_008_Day_0_Hour_12,0,12,9.83369502475596,0.2473896643120812,9.251488761665415,9.672829109311119,9.831327823114751,9.994365699295818,10.442733577002672,0.030102830107292398,-0.31428061117977624,1.1912448153372566
Z_008_Day_0_Hour_13,0,13,9.96147427505902,2.255619974519713,6.8428860673213885,7.471771234290761,10.153911616461695,12.236032590088636,13.172104137715179,-0.057417761381244874,-1.6137513538853572,6.32921807039379
Z_008_Day_1_Hour_08,1,8,9.807968395204245,0.09918606615800145,9.334220858050498,9.772472077564453,9.805738331474029,9.83990728408732,10.307225515685802,0.36322276869904024,7.705498587533695,0.973004657635304
Z_008_Day_1_Hour_22,1,22,9.79459729551211,0.09269923171363087,9.48781506393514,9.745740261562196,9.791569036961786,9.837341181286614,10.114473790102679,0.26553701929667106,1.6396976797383012,0.6266587261675394
Z_008_Day_2_Hour_19,2,19,9.854436854331537,0.09874492805793163,9.535285240147827,9.809712327461106,9.857295255916888,9.90123332706401,10.189558655737901,0.007092511351484853,1.7187987933358855,0.6542734155900742
Z_008_Day_2_Hour_21,2,21,9.877216136859815,0.1757297982237968,9.276844053868576,9.8254238789787,9.876722085383157,9.92650402834519,10.529950214692386,0.2042766830316111,3.4544383506827607,1.25310616082381
Z_008_Day_3_Hour_08,3,8,9.786891256079166,0.046652910462268785,9.683787797238892,9.753077293182304,9.786633887136713,9.820283758321828,9.893093846781936,0.022318305946290622,-0.6405242253463386,0.20930604954304322
Z_008_Day_3_Hour_20,3,20,9.842123087923843,0.31739858981999103,8.987078906142154,9.7367741145801,9.833766543556212,9.925734516802587,10.79202929941571,0.24827311884967193,1.442103430221736,1.8049503932735558
Z_008_Day_3_Hour_22,3,22,9.826868743727115,0.194160362314286,9.30932226047506,9.764431910588861,9.822082630557565,9.882132641823613,10.402476965205578,0.1898273901424465,1.4218949885625332,1.0931547047305177
Z_009_Day_0_Hour_10,0,10,9.96614240220982,0.04397504926981683,9.80612644118967,9.939491667481912,9.965608493854448,9.992943793428362,10.130718539686256,0.03575336730525243,0.8312498664561607,0.324592098496586
Z_009_Day_0_Hour_11,0,11,9.901098057161194,0.7343322784286872,8.236447266790135,9.577261415502681,9.890309090797727,10.136291482250439,11.845424264228312,0.3141576880260533,0.3556458719834965,3.6089769974381767
Z_009_Day_0_Hour_17,0,17,9.997538083768655,0.8835474857238154,8.361396901334775,9.373870064385793,9.880848666181892,10.607648828614066,11.944132868491815,0.2927484369680154,-0.6471862257753838,3.5827359671570402
Z_009_Day_0_Hour_18,0,18,9.950096678898296,0.9078547954815277,8.171429324387612,9.419029563882132,9.819958043271809,10.457003312416964,12.050721209578391,0.34167155084448475,-0.3323239687611168,3.8792918851907796
Z_009_Day_1_Hour_10,1,10,9.991009201202115,0.8293843413282084,8.326384861368732,9.441250070616134,9.92374540537946,10.508482548903018,11.940121861589892,0.2601134510328056,-0.4410289074807876,3.6137370002211604
Z_009_Day_1_Hour_19,1,19,9.804307825407623,0.22109873365559443,9.004001211269426,9.739107561397326,9.791098901486965,9.84387666344614,10.693248759493095,0.5272287842434064,4.159269685138003,1.689247548223669
Z_009_Day_2_Hour_09,2,9,9.829719214353217,0.04726556237430484,9.396905029558264,9.81092474488214,9.829459984163883,9.848065528198742,10.273889258489676,0.7871970979958922,28.642994667817018,0.8769842289314127
Z_009_Day_2_Hour_19,2,19,9.984642568734118,0.10458703300522382,9.730686229642163,9.924083499989415,9.987642750438251,10.0515302197064,10.23550638941026,-0.14750059271553567,-0.15716685434364264,0.5048201597680961
Z_009_Day_2_Hour_20,2,20,9.79164873332272,0.11788692562386145,9.45845457820285,9.718880083919172,9.764657175513596,9.884562343281711,10.136288583756626,0.20796762934062918,0.11164266349790575,0.677834005553775
Z_009_Day_3_Hour_10,3,10,9.99211745884442,1.0727626072706584,7.92484307075096,9.36408082756114,9.831558898819804,10.65039756446511,12.41743309174133,0.28650655941687675,-0.47386462154443754,4.49259002099037
Z_009_Day_3_Hour_20,3,20,9.9800005801907,1.0466245632659397,8.023591057536013,9.326953469676294,9.88874509219092,10.550657233673315,12.402112120696696,0.32464919688663224,-0.41986987155850075,4.378521063160683
Z_009_Day_4_Hour_10,4,10,9.873071809042878,0.6829216129878597,8.4472576065236,9.511138454111927,9.792228316594912,10.224810945640183,11.515307388720872,0.3148719509805511,-0.1382480534415107,3.0680497821972725
Z_009_Day_5_Hour_10,5,10,9.930331743966414,0.6408565760749307,8.592879843057728,9.50369918452625,9.902475975592584,10.333539314532246,11.395200129362527,0.1841213172537807,-0.4619601541561713,2.8023202863047985
Z_009_Day_5_Hour_19,5,19,9.987752900423992,0.08183004812912913,9.780128616212917,9.93737601268625,9.981545313131216,10.035542268678213,10.203069474647753,0.20715566824638404,-0.004732375688482726,0.42294085843483664
Z_009_Day_5_Hour_20,5,20,9.790146819742333,0.11594485797335403,9.426806103336856,9.734381294296155,9.775195089535881,9.836581189823196,10.17026452770832,0.3698096792594031,1.5950445027669682,0.7434584243714628
Z_009_Day_6_Hour_11,6,11,9.945877659307952,0.8277921131375117,8.218758395605485,9.45058305740501,9.878812834873164,10.430134294552047,11.937111380369256,0.24641280704658164,-0.2671643491129916,3.7183529847637704
Z_009_Day_6_Hour_12,6,12,9.81779898584867,0.49006718526095044,8.598507706581804,9.633056607307708,9.751448343242807,9.952123216178684,11.231754154035308,0.5156835649826687,1.013865291435132,2.6332464474535033
Z_009_Day_6_Hour_16,6,16,9.888386299967376,0.5448799875527328,8.26122087990734,9.715140545657036,9.829595812844193,10.000167485419663,11.758257318349019,0.6282372896836123,2.5475186194992636,3.497036438441679
Z_009_Day_6_Hour_17,6,17,9.851479489070284,0.4398367763262039,8.825926968220173,9.638155930581432,9.794612957669742,10.034745517375598,11.015951002737035,0.41317238051111654,0.40912000465539045,2.1900240345168616
Z_009_Day_6_Hour_18,6,18,9.751870558830054,0.13967499510184306,9.286598669262975,9.69146272486945,9.752308386992024,9.810929753657552,10.23330852291307,0.057501076869614184,2.0040036955980494,0.9467098536500949
Z_009_Day_6_Hour_19,6,19,9.880905298516945,0.5695013007709248,8.655709223321315,9.537481567674568,9.833130914248496,10.210304170625466,11.254521579385605,0.2275992722812336,-0.25235001206425345,2.5988123560642897
Z_009_Day_6_Hour_20,6,20,9.779907989404286,0.1791578493146261,9.268769841970837,9.68042936781951,9.766056021935833,9.871856352635959,10.33436732075607,0.25891440481315237,0.8026368802257218,1.0655974787852323
Z_010_Day_0_Hour_16,0,16,10.107426071321681,0.9561444164303593,8.169144604468125,9.608382058184791,9.963490507224837,10.570460256512446,12.43299361868935,0.43110908948310983,-0.07325920081383952,4.2638490142212255
Z_010_Day_0_Hour_17,0,17,9.97078275795005,0.5958103016244792,8.665197270530838,9.703160188969164,9.883518585146199,10.218503444634102,11.484834898364715,0.3929390311990324,0.23395591093626056,2.8196376278338775
Z_010_Day_0_Hour_18,0,18,9.929515822913427,0.1160060478070752,9.598901261508912,9.871410282915154,9.928033990233397,9.986534665316857,10.279207674448323,0.09958956198630356,0.8679935051092631,0.6803064129394105
Z_010_Day_0_Hour_19,0,19,9.993588221734317,0.17254707955931017,9.441510929567329,9.938545556292768,9.990242955274589,10.04406116624686,10.578436547148499,0.10399213066923506,2.366115211720178,1.13692561758117
Z_010_Day_0_Hour_20,0,20,9.976266190736498,0.15072056337341616,9.552705127121735,9.901047757842388,9.976643765416782,10.044941869287895,10.425586054558895,0.12032786026390913,0.9277871238547304,0.8728809274371603
Z_010_Day_0_Hour_21,0,21,9.99642831019901,0.13835846322525822,9.609599986792842,9.946539452091612,9.99464215650395,10.046121566957057,10.400165558344064,0.060553658153827704,1.1378686858337899,0.7905655715512214
Z_010_Day_1_Hour_08,1,8,9.980535522733282,0.189062302729033,9.458494905611484,9.893123438038485,9.9742919345279,10.061836450807924,10.530196096269899,0.1556415465793649,0.7986027502546853,1.0717011906584144
Z_010_Day_1_Hour_09,1,9,9.926908162482798,0.5137683363330995,8.640722914627727,9.745770841513556,9.889931918929005,10.062391065198243,11.37891555857487,0.34947259510110484,0.9753076761335722,2.7381926439471425
Z_010_Day_1_Hour_18,1,18,9.966740096637226,0.18802800822636884,9.341448928182992,9.907398450045482,9.961425962736303,10.019644548909545,10.622151287761751,0.18036709388661482,2.5340995894526817,1.2807023595787594
Z_010_Day_1_Hour_20,1,20,9.990807745202869,0.4280747326064633,9.008954747725555,9.791486983615101,9.981996394668393,10.167655028249182,11.037715273966356,0.13112628540649865,0.12561881701072242,2.0287605262408004
Z_010_Day_1_Hour_21,1,21,9.9562680829677,0.2824022771599839,9.138483984670868,9.854384886740753,9.945924296637596,10.042094640211726,10.828701807947537,0.18376654757344393,1.5429024934225657,1.6902178232766687
Z_010_Day_2_Hour_08,2,8,9.980947774683587,0.16048732297080062,9.36387086326058,9.93273047713394,9.97522403229661,10.020675207159346,10.636543433902045,0.34356576933503397,4.396712715600199,1.2726725706414648
Z_010_Day_2_Hour_09,2,9,9.96731269002624,0.1852213725946859,9.363795009099254,9.894281866715112,9.966190424198233,10.021342851076122,10.604808930990377,0.31467943201286647,2.291301350890812,1.2410139218911223
Z_010_Day_2_Hour_18,2,18,9.978862061110837,0.20615479194308903,9.319092319885893,9.917953529700796,9.973186013271942,10.033414087019562,10.685599334760001,0.17307939577296255,2.3118512833057707,1.3665070148741076
Z_010_Day_2_Hour_19,2,19,9.926164381771114,0.13739591460426767,9.545489038677047,9.855752927810336,9.91979010348935,9.990882718026496,10.33797737035501,0.23775440997307049,0.8743733690470852,0.7924883316779621
Z_010_Day_3_Hour_08,3,8,9.982171137352392,0.23863042550234545,9.289597559376482,9.896496540261346,9.965690378305945,10.053946077213059,10.716181782137795,0.31383189980700893,1.5431795225481775,1.4265842227613135
Z_010_Day_3_Hour_09,3,9,10.00103383869839,0.7300113647972476,8.537970153923062,9.607533722229084,9.872149206310382,10.419945615126288,11.735432320082161,0.35853116358873005,-0.2651114977353588,3.1974621661590987
Z_010_Day_3_Hour_18,3,18,9.962894988656371,0.31973747269949143,9.03019875904069,9.85845424487424,9.956548619335265,10.058674314623959,10.997010649685134,0.19961625830817692,1.7250610756616283,1.9668118906444434
Z_010_Day_3_Hour_21,3,21,10.044383200075607,0.7014367788511202,8.444409342096307,9.773352154305405,9.960151868556867,10.291075004351612,11.89595036215706,0.4449995418946094,0.428112565353568,3.4515410200607537
Z_010_Day_4_Hour_08,4,8,10.102645057317337,0.9465849576604388,8.193458452085814,9.615318045629905,9.92164567465344,10.63323380955934,12.29504397407947,0.3932286410738499,-0.26526259889721304,4.1015855219936554
Z_010_Day_4_Hour_18,4,18,9.974012294080051,0.22433194452048197,9.327689413329171,9.885031058897223,9.969358238956536,10.052657382988716,10.673321108782815,0.14644846955813784,1.3395522001762492,1.345631695453644
Z_010_Day_4_Hour_20,4,20,9.98002671819747,0.09463533528554235,9.680525799482039,9.934925148137426,9.978391782764708,10.022831662558012,10.29802179734736,0.12433704286789037,1.5696062023201351,0.617495997865321
Z_010_Day_5_Hour_08,5,8,9.958459726669123,0.6126984439686037,8.47057701919819,9.687010951673065,9.89735655199112,10.192188284705132,11.62232471997063,0.3746476684716815,0.607501331526195,3.1517477007724395
Z_010_Day_5_Hour_18,5,18,10.071698514149535,0.8172305082300573,8.537995393006364,9.51522338908931,9.961621062770268,10.638876799133707,11.80114115407271,0.24229224571102276,-0.70631505400674,3.2631457610663457
Z_010_Day_5_Hour_19,5,19,9.98390248149575,0.05555598661274519,9.795369861640442,9.95264271535798,9.982852290105859,10.01463418123449,10.17320630506756,0.07638390637067377,1.2265263573010818,0.37783644342711753
Z_010_Day_6_Hour_09,6,9,9.967469069902231,0.7401396527244459,8.21487499212062,9.76305566603823,9.866946251930862,10.131440540763487,12.022274326696541,0.45338271337555097,0.8171117464281119,3.807399334575921
Z_010_Day_6_Hour_11,6,11,9.950637097681286,0.5131007175765265,8.787748447657274,9.687955139233488,9.905113992296997,10.181943240995189,11.27592579685013,0.30057732189570635,0.163225114348168,2.4881773491928563
Z_010_Day_6_Hour_12,6,12,9.994310474770582,0.2968924224939356,9.141064804811371,9.874115783812387,9.98207198198446,10.101607851599665,10.91679992476162,0.21925055423896195,1.3633521367928454,1.775735119950248
Z_010_Day_6_Hour_13,6,13,9.951403671463154,0.41570631972868227,8.744965731908739,9.81853683502544,9.934044888559207,10.058625162478654,11.283904910083155,0.2751789670892528,1.9204286162048705,2.5389391781744166
Z_010_Day_6_Hour_15,6,15,10.071200624756505,0.4929822942990724,9.125164310241486,9.685997845107002,10.060733999020366,10.452604621145607,11.038267469755734,0.05474563284871353,-0.9464367267095795,1.9131031595142485
Z_010_Day_6_Hour_17,6,17,9.977482708861137,0.1837575434292189,9.458022786153332,9.903704127019532,9.975649921447713,10.04628704410147,10.527295122726125,0.1126920860069829,1.2679733769527894,1.0692723365727925
Z_011_Day_2_Hour_20,2,20,9.973187444451185,0.08972695010506544,9.695204390472421,9.93355765289596,9.971719598445183,10.01261567081823,10.261894996132803,0.05563374352533385,1.561993958741125,0.5666906056603818
Z_011_Day_3_Hour_08,3,8,9.911173377313053,0.311681336507874,9.069885332480904,9.786129309806514,9.916769259556096,9.986321513235291,10.845545356569104,0.3196952814660662,1.463735562744228,1.7756600240882001
Z_011_Day_3_Hour_20,3,20,9.958484979230004,0.2785312552274038,8.912371477183758,9.846584707629464,9.952572176907138,10.051037835322251,11.055625170386644,0.2517693575812203,3.5751414869082137,2.1432536932028867
Z_012_Day_1_Hour_08,1,8,9.974063620941491,0.8832343674464302,8.170284429562017,9.465284332402627,9.86981037835278,10.486429557397788,12.01471292883355,0.28356236405811536,-0.3160724728351805,3.844428499271533
Z_012_Day_1_Hour_09,1,9,9.878163286533434,0.3370896386680916,9.058464932034763,9.752811614756178,9.852215418897023,9.980871943913545,10.793617467600194,0.3289061919811921,0.6654202032805059,1.7351525355654314
Z_012_Day_1_Hour_18,1,18,9.811317970712382,0.19698734141876528,9.276356436625328,9.740292459526492,9.795742915626393,9.866028264828312,10.380037127285116,0.2992718451810872,1.2161139938501044,1.1036806906597878
Z_012_Day_1_Hour_19,1,19,9.805947071348871,0.1295091168967446,9.43673517645882,9.750537518527025,9.804022578981309,9.859085710987255,10.190727094877039,0.10443022401942925,1.1573438302006682,0.7539919184182189
Z_012_Day_1_Hour_20,1,20,9.876481623688562,0.464558208866599,8.81955648629865,9.668144092796911,9.833301212138945,10.057791935761703,11.07988994881548,0.32895124230092826,0.36189630520881355,2.2603334625168294
Z_012_Day_2_Hour_08,2,8,9.944675497037084,0.6907098876172098,8.559973480868182,9.523698052567429,9.857429726049249,10.393980889488201,11.461534611867073,0.22232398280280344,-0.519338523523881,2.901561130998891
Z_012_Day_2_Hour_09,2,9,9.840146982696758,0.40083251121807023,8.802523464918503,9.711819806479642,9.802830959055395,9.910794798121596,11.05275851873534,0.5389659418995781,1.527427725421508,2.250235053816837
Z_012_Day_2_Hour_10,2,10,9.998198956173631,0.7401592242701921,8.381678214468552,9.682223464855113,9.85236327606603,10.125030135867569,12.006921950715574,0.771961240469698,0.7023209614280321,3.625243736247022
Z_012_Day_2_Hour_18,2,18,10.100355881067394,1.2464444038644578,7.1597780846102195,9.567996006114523,9.862713036340065,10.536709876540222,13.742745477996868,0.673315166672933,0.8446366870430735,6.582967393386649
Z_012_Day_2_Hour_19,2,19,9.820463505599243,0.36587760612201525,9.015726041759809,9.643890117868015,9.788670220347807,9.993181043870875,10.710830008268632,0.2556583859471139,0.04483735300580172,1.6951039665088228
Z_012_Day_2_Hour_20,2,20,9.879830221121317,0.3833241321530354,8.976010095196985,9.73027726575446,9.82681517495022,10.017015984162276,10.873100403016265,0.37977640964160314,0.4455761605236823,1.8970903078192798
Z_012_Day_3_Hour_08,3,8,9.889892499782425,0.46940798363004244,8.676569788691511,9.752981615099213,9.813956447309096,9.992888075153578,11.262693898117847,0.5415970430385747,1.2143416716721571,2.5861241094263363
Z_012_Day_3_Hour_18,3,18,9.915700646991993,0.5854092645841935,8.647906661616176,9.5939886141764,9.851723325947965,10.246047401609017,11.31182318389529,0.26688437732008075,-0.19472791912956522,2.6639165222791146
Z_012_Day_3_Hour_19,3,19,9.838076711362419,0.36345538465075095,8.990367283123186,9.664012251591956,9.814472514670946,9.99342549270228,10.773170617037914,0.2562430142268638,0.2502868588408753,1.7828033339147282
Z_012_Day_4_Hour_09,4,9,9.867326544899433,0.42257801275363377,8.902646287853525,9.671860785885174,9.832398461994377,10.060229175351433,10.928495473542768,0.2446832306712605,0.14997616241692135,2.0258491856892427
Z_012_Day_4_Hour_20,4,20,9.847600220037936,0.33321123838680533,8.887054087685307,9.754202978032824,9.818323759930584,9.898917816857704,10.917028335035189,0.45544310744062566,2.1702858461721632,2.029974247349882
Z_012_Day_5_Hour_08,5,8,9.954054579898697,0.5771897415542343,8.797993683989166,9.598323293935888,9.89445798043178,10.313075798482446,11.225344221191882,0.2099948800493803,-0.47082432801611196,2.4273505372027167
Z_012_Day_5_Hour_10,5,10,10.209533477739832,1.836970808715598,5.877148851806811,9.373605292046893,9.895894404259288,11.049047677516109,15.196818730381343,0.36775802344282166,0.40028904658106645,9.319669878574533
Z_012_Day_5_Hour_18,5,18,9.880847455940906,0.43353164605271605,8.889594232169628,9.708668020693771,9.829179792811688,10.030451412855182,11.018346865155861,0.4031301220126515,0.43858028611141764,2.1287526329862327
Z_012_Day_6_Hour_11,6,11,9.917860073452863,0.758998274260232,8.55756879837211,9.305433500493312,9.890029575992333,10.492619732653967,11.426746294320067,0.11188584438427492,-0.9518593126618349,2.869177495947957
Z_012_Day_6_Hour_16,6,16,9.967813756327368,0.6984930350791468,8.558031549644275,9.569124639262068,9.862164542754478,10.383707080253515,11.568478817811611,0.3201500335485332,-0.3762489049020612,3.0104472681673364
Z_012_Day_6_Hour_18,6,18,9.879224605827218,0.570851385262442,8.454974749620808,9.651083214246851,9.816299282949904,10.061296063170317,11.490029321582794,0.4228852854259373,0.8662662237826675,3.035054571961986
Z_012_Day_6_Hour_20,6,20,9.815141683300613,0.25033965765682586,9.11959026075917,9.74160603719063,9.788827546495359,9.846701685600411,10.594148196018132,0.5114363512860495,1.8896608052093278,1.4745579352589626
Z_013_Day_0_Hour_20,0,20,9.784622676667992,0.1897730915789455,9.158831601634546,9.72380064356865,9.77470218574392,9.83228044346587,10.46033107877523,0.3347049336811225,2.8393649623600945,1.301499477140684
Z_013_Day_2_Hour_21,2,21,9.947079451847952,0.7739372320730938,8.423337378640715,9.459138068737827,9.85288978776523,10.40834277147351,11.714624002293036,0.3143408465093088,-0.4274749698912923,3.2912866236523204
Z_013_Day_3_Hour_21,3,21,9.94031764386059,0.8040100675352846,8.357639566027494,9.396335941238313,9.866988796306094,10.433253598585162,11.747708186806742,0.2881807110653598,-0.5082771147653582,3.390068620779248
Z_013_Day_4_Hour_21,4,21,9.834600500032092,0.0800319236459259,9.546334924015918,9.792960304108245,9.835038572587298,9.875092915058206,10.131603580052326,0.07063922048505224,2.177664298254795,0.5852686560364084
